INSERT INTO ds_flow_category (ID, NAME, PID, SEQ) VALUES (1, '请假流程', NULL, 0);

INSERT INTO ds_flow (ID, CATEGORYID, ALIAS, VNUM, DEPLOYID, NAME, STATUS, FLOWXML) VALUES (1, 1, 'tech_duty', 0, 'tech_duty-2', '技术部请假流程', 0, '<flow><task alias=\"start\" name=\"开始\" users=\"admin,user\" g=\"73,52,28,28\"><line to=\"user\" p=\"87,233\"></line></task><task alias=\"user\" name=\"用户确认申请\" users=\"admin\" g=\"165,208,100,50\"><line to=\"sh1\" forks=\"A\"></line><line to=\"sh2\" forks=\"B\"></line><line to=\"sh3\" forks=\"B\"></line></task><task alias=\"sh1\" name=\"小组长\" users=\"admin\" g=\"342,126,100,50\"><line to=\"sh\"></line></task><task alias=\"sh2\" name=\"组长A\" users=\"admin\" g=\"342,209,100,50\"><line to=\"sh\"></line></task><task alias=\"sh3\" name=\"组长B\" users=\"admin\" g=\"343,295,100,50\"><line to=\"sh\"></line></task><task alias=\"sh\" name=\"部门经理审核\" count=\"2\" users=\"admin\" g=\"518,209,100,50\"><line to=\"repass\"></line><line to=\"fs\"></line></task><task alias=\"fs\" name=\"总经理复审\" users=\"admin\" g=\"633,136,100,50\"><line to=\"repass\"></line></task><task alias=\"repass\" name=\"通知申请人\" users=\"admin\" g=\"763,210,100,50\"><line to=\"end\"></line></task><task alias=\"end\" name=\"结束\" users=\"\" g=\"801,72,28,28\"></task></flow>');
INSERT INTO ds_flow (ID, CATEGORYID, ALIAS, VNUM, DEPLOYID, NAME, STATUS, FLOWXML) VALUES (2, 1, 'tech_duty', 1, 'tech_duty-2', '技术部请假流程', 1, '<flow><task alias=\"start\" name=\"开始\" users=\"admin,user\" g=\"73,52,28,28\"><line to=\"user\" p=\"87,233\"></line></task><task alias=\"user\" name=\"用户确认申请\" users=\"admin\" g=\"165,208,100,50\"><line to=\"sh1\" forks=\"A\"></line><line to=\"sh2\" forks=\"B\"></line><line to=\"sh3\" forks=\"B\"></line></task><task alias=\"sh1\" name=\"小组长\" users=\"admin\" g=\"342,126,100,50\"><line to=\"sh\"></line></task><task alias=\"sh2\" name=\"组长A\" users=\"admin\" g=\"342,209,100,50\"><line to=\"sh\"></line></task><task alias=\"sh3\" name=\"组长B\" users=\"admin\" g=\"343,295,100,50\"><line to=\"sh\"></line></task><task alias=\"sh\" name=\"部门经理审核\" count=\"2\" users=\"admin\" g=\"518,209,100,50\"><line to=\"repass\"></line><line to=\"fs\"></line></task><task alias=\"fs\" name=\"总经理复审\" users=\"admin\" g=\"633,136,100,50\"><line to=\"repass\"></line></task><task alias=\"repass\" name=\"通知申请人\" users=\"admin\" g=\"763,210,100,50\"><line to=\"end\"></line></task><task alias=\"end\" name=\"结束\" users=\"\" g=\"801,72,28,28\"></task></flow>');

INSERT INTO ds_flow_task (ID, FLOWID, DEPLOYID, TALIAS, TNAME, TCOUNT, TNEXT, TUSERS, TMEMO) VALUES (1, 1, NULL, 'start', '开始', 1, 'user', 'admin,user', '');
INSERT INTO ds_flow_task (ID, FLOWID, DEPLOYID, TALIAS, TNAME, TCOUNT, TNEXT, TUSERS, TMEMO) VALUES (2, 1, NULL, 'user', '用户确认申请', 1, 'sh1|sh2,sh3', 'admin', '');
INSERT INTO ds_flow_task (ID, FLOWID, DEPLOYID, TALIAS, TNAME, TCOUNT, TNEXT, TUSERS, TMEMO) VALUES (3, 1, NULL, 'sh1', '小组长', 1, 'sh', 'admin', '');
INSERT INTO ds_flow_task (ID, FLOWID, DEPLOYID, TALIAS, TNAME, TCOUNT, TNEXT, TUSERS, TMEMO) VALUES (4, 1, NULL, 'sh2', '组长A', 1, 'sh', 'admin', '');
INSERT INTO ds_flow_task (ID, FLOWID, DEPLOYID, TALIAS, TNAME, TCOUNT, TNEXT, TUSERS, TMEMO) VALUES (5, 1, NULL, 'sh3', '组长B', 1, 'sh', 'admin', '');
INSERT INTO ds_flow_task (ID, FLOWID, DEPLOYID, TALIAS, TNAME, TCOUNT, TNEXT, TUSERS, TMEMO) VALUES (6, 1, NULL, 'sh', '部门经理审核', 2, 'repass,fs', 'admin', '');
INSERT INTO ds_flow_task (ID, FLOWID, DEPLOYID, TALIAS, TNAME, TCOUNT, TNEXT, TUSERS, TMEMO) VALUES (7, 1, NULL, 'fs', '总经理复审', 1, 'repass', 'admin', '');
INSERT INTO ds_flow_task (ID, FLOWID, DEPLOYID, TALIAS, TNAME, TCOUNT, TNEXT, TUSERS, TMEMO) VALUES (8, 1, NULL, 'repass', '通知申请人', 1, 'end', 'admin', '');
INSERT INTO ds_flow_task (ID, FLOWID, DEPLOYID, TALIAS, TNAME, TCOUNT, TNEXT, TUSERS, TMEMO) VALUES (9, 1, NULL, 'end', '结束', 1, '', '', '');
INSERT INTO ds_flow_task (ID, FLOWID, DEPLOYID, TALIAS, TNAME, TCOUNT, TNEXT, TUSERS, TMEMO) VALUES (11, 2, 'tech_duty-2', 'start', '开始', 1, 'user', 'admin,user', '');
INSERT INTO ds_flow_task (ID, FLOWID, DEPLOYID, TALIAS, TNAME, TCOUNT, TNEXT, TUSERS, TMEMO) VALUES (12, 2, 'tech_duty-2', 'user', '用户确认申请', 1, 'sh1|sh2,sh3', 'admin', '');
INSERT INTO ds_flow_task (ID, FLOWID, DEPLOYID, TALIAS, TNAME, TCOUNT, TNEXT, TUSERS, TMEMO) VALUES (13, 2, 'tech_duty-2', 'sh1', '小组长', 1, 'sh', 'admin', '');
INSERT INTO ds_flow_task (ID, FLOWID, DEPLOYID, TALIAS, TNAME, TCOUNT, TNEXT, TUSERS, TMEMO) VALUES (14, 2, 'tech_duty-2', 'sh2', '组长A', 1, 'sh', 'admin', '');
INSERT INTO ds_flow_task (ID, FLOWID, DEPLOYID, TALIAS, TNAME, TCOUNT, TNEXT, TUSERS, TMEMO) VALUES (15, 2, 'tech_duty-2', 'sh3', '组长B', 1, 'sh', 'admin', '');
INSERT INTO ds_flow_task (ID, FLOWID, DEPLOYID, TALIAS, TNAME, TCOUNT, TNEXT, TUSERS, TMEMO) VALUES (16, 2, 'tech_duty-2', 'sh', '部门经理审核', 2, 'repass,fs', 'admin', '');
INSERT INTO ds_flow_task (ID, FLOWID, DEPLOYID, TALIAS, TNAME, TCOUNT, TNEXT, TUSERS, TMEMO) VALUES (18, 2, 'tech_duty-2', 'repass', '通知申请人', 1, 'end', 'admin', '');
INSERT INTO ds_flow_task (ID, FLOWID, DEPLOYID, TALIAS, TNAME, TCOUNT, TNEXT, TUSERS, TMEMO) VALUES (19, 2, 'tech_duty-2', 'end', '结束', 1, '', '', '');
INSERT INTO ds_flow_task (ID, FLOWID, DEPLOYID, TALIAS, TNAME, TCOUNT, TNEXT, TUSERS, TMEMO) VALUES (27, 2, 'tech_duty-2', 'fs', '总经理复审', 1, 'repass', 'admin', '');

INSERT INTO ds_flow_category (ID, NAME, PID, SEQ) VALUES (2, '会签流程', NULL, '0');

INSERT INTO ds_flow (ID, CATEGORYID, ALIAS, VNUM, DEPLOYID, NAME, STATUS, FLOWXML, DATATABLE) VALUES (3, 2, 'hqlc', 0, 'hqlc-4', '会签流程', 0, '<flow><task alias=\"start\" name=\"开始\" users=\"\" g=\"145,206,28,28\" ><line to=\"before\"></line></task><task alias=\"before\" name=\"会签开始前\" users=\"admin\" g=\"244,195,100,50\" ><line to=\"hq\"></line></task><task alias=\"hq\" name=\"会签环节\" users=\"\" g=\"407,196,100,50\" subcount=\"2\" subusers=\"\" ><line to=\"after\"></line></task><task alias=\"after\" name=\"会签结束后\" users=\"admin\" g=\"569,197,100,50\" ><line to=\"end\"></line></task><task alias=\"end\" name=\"结束\" users=\"\" g=\"743,209,28,28\" ></task></flow>', '');
INSERT INTO ds_flow (ID, CATEGORYID, ALIAS, VNUM, DEPLOYID, NAME, STATUS, FLOWXML, DATATABLE) VALUES (4, 2, 'hqlc', 1, 'hqlc-4', '会签流程', 1, '<flow><task alias=\"start\" name=\"开始\" users=\"\" g=\"145,206,28,28\" ><line to=\"before\"></line></task><task alias=\"before\" name=\"会签开始前\" users=\"admin\" g=\"244,195,100,50\" ><line to=\"hq\"></line></task><task alias=\"hq\" name=\"会签环节\" users=\"\" g=\"407,196,100,50\" subcount=\"2\" subusers=\"\" ><line to=\"after\"></line></task><task alias=\"after\" name=\"会签结束后\" users=\"admin\" g=\"569,197,100,50\" ><line to=\"end\"></line></task><task alias=\"end\" name=\"结束\" users=\"\" g=\"743,209,28,28\" ></task></flow>', '');

INSERT INTO ds_flow_task (ID, FLOWID, DEPLOYID, TALIAS, TNAME, TCOUNT, TNEXT, TUSERS, SUBCOUNT, SUBUSERS, TMEMO, DATATABLE) VALUES (41, 3, NULL, 'start', '开始', 1, 'before', '', -1, '', '', NULL);
INSERT INTO ds_flow_task (ID, FLOWID, DEPLOYID, TALIAS, TNAME, TCOUNT, TNEXT, TUSERS, SUBCOUNT, SUBUSERS, TMEMO, DATATABLE) VALUES (42, 3, NULL, 'before', '会签开始前', 1, 'hq', 'admin', -1, '', '', NULL);
INSERT INTO ds_flow_task (ID, FLOWID, DEPLOYID, TALIAS, TNAME, TCOUNT, TNEXT, TUSERS, SUBCOUNT, SUBUSERS, TMEMO, DATATABLE) VALUES (43, 3, NULL, 'hq', '会签环节', 1, 'after', '', 2, '', '', NULL);
INSERT INTO ds_flow_task (ID, FLOWID, DEPLOYID, TALIAS, TNAME, TCOUNT, TNEXT, TUSERS, SUBCOUNT, SUBUSERS, TMEMO, DATATABLE) VALUES (44, 3, NULL, 'after', '会签结束后', 1, 'end', 'admin', -1, '', '', NULL);
INSERT INTO ds_flow_task (ID, FLOWID, DEPLOYID, TALIAS, TNAME, TCOUNT, TNEXT, TUSERS, SUBCOUNT, SUBUSERS, TMEMO, DATATABLE) VALUES (45, 3, NULL, 'end', '结束', 1, '', '', -1, '', '', NULL);
INSERT INTO ds_flow_task (ID, FLOWID, DEPLOYID, TALIAS, TNAME, TCOUNT, TNEXT, TUSERS, SUBCOUNT, SUBUSERS, TMEMO, DATATABLE) VALUES (46, 4, 'hqlc-4', 'start', '开始', 1, 'before', '', -1, '', '', '');
INSERT INTO ds_flow_task (ID, FLOWID, DEPLOYID, TALIAS, TNAME, TCOUNT, TNEXT, TUSERS, SUBCOUNT, SUBUSERS, TMEMO, DATATABLE) VALUES (47, 4, 'hqlc-4', 'before', '会签开始前', 1, 'hq', 'admin', -1, '', '', '');
INSERT INTO ds_flow_task (ID, FLOWID, DEPLOYID, TALIAS, TNAME, TCOUNT, TNEXT, TUSERS, SUBCOUNT, SUBUSERS, TMEMO, DATATABLE) VALUES (48, 4, 'hqlc-4', 'hq', '会签环节', 1, 'after', '', 2, '', '', '');
INSERT INTO ds_flow_task (ID, FLOWID, DEPLOYID, TALIAS, TNAME, TCOUNT, TNEXT, TUSERS, SUBCOUNT, SUBUSERS, TMEMO, DATATABLE) VALUES (49, 4, 'hqlc-4', 'after', '会签结束后', 1, 'end', 'admin', -1, '', '', '');
INSERT INTO ds_flow_task (ID, FLOWID, DEPLOYID, TALIAS, TNAME, TCOUNT, TNEXT, TUSERS, SUBCOUNT, SUBUSERS, TMEMO, DATATABLE) VALUES (50, 4, 'hqlc-4', 'end', '结束', 1, '', '', -1, '', '', '');
